{
  "best": {
    "dice": 0.5193844998482366,
    "loss": 0.70062937653199,
    "_base/lr": 0.000625,
    "_base/momentum": 0.9,
    "_timers/data_time": 0.910630463379037,
    "_timers/model_time": 0.03135504720212374,
    "_timers/batch_time": 0.9391941397263419,
    "_timers/_fps": 155.0011238471297
  },
  "train.22": {
    "dice": 0.5193844998482366,
    "loss": 0.70062937653199,
    "_base/lr": 0.000625,
    "_base/momentum": 0.9,
    "_timers/data_time": 0.910630463379037,
    "_timers/model_time": 0.03135504720212374,
    "_timers/batch_time": 0.9391941397263419,
    "_timers/_fps": 155.0011238471297
  },
  "last": {
    "dice": 0.5512874519818741,
    "loss": 0.738716589714789,
    "_base/lr": 0.000625,
    "_base/momentum": 0.9,
    "_timers/data_time": 0.9191748715124274,
    "_timers/model_time": 0.03137121234785129,
    "_timers/batch_time": 0.9491367892491276,
    "_timers/_fps": 144.12487619512598
  }
}
